episode,reward,steps,success
1,-27.0,38,1
2,-16.0,27,1
3,-16.0,27,1
4,-29.0,40,1
5,-1.0,12,1
6,-3.0,14,1
7,-7.0,18,1
8,-4.0,15,1
9,-3.0,14,1
10,-1.0,12,1
11,1.0,10,1
12,-1.0,12,1
13,3.0,8,1
14,-4.0,15,1
15,0.0,11,1
16,-2.0,13,1
17,3.0,8,1
18,2.0,9,1
19,5.0,6,1
20,0.0,11,1
21,0.0,11,1
22,2.0,9,1
23,5.0,6,1
24,4.0,7,1
25,1.0,10,1
26,-1.0,12,1
27,3.0,8,1
28,2.0,9,1
29,3.0,8,1
30,2.0,9,1
31,4.0,7,1
32,2.0,9,1
33,5.0,6,1
34,5.0,6,1
35,5.0,6,1
36,1.0,10,1
37,3.0,8,1
38,5.0,6,1
39,3.0,8,1
40,-7.0,18,1
41,4.0,7,1
42,5.0,6,1
43,3.0,8,1
44,3.0,8,1
45,5.0,6,1
46,5.0,6,1
47,5.0,6,1
48,5.0,6,1
49,3.0,8,1
50,1.0,10,1
51,3.0,8,1
52,5.0,6,1
53,5.0,6,1
54,3.0,8,1
55,2.0,9,1
56,5.0,6,1
57,5.0,6,1
58,5.0,6,1
59,4.0,7,1
60,5.0,6,1
61,-14.0,25,1
62,5.0,6,1
63,5.0,6,1
64,-1.0,12,1
65,3.0,8,1
66,5.0,6,1
67,1.0,10,1
68,3.0,8,1
69,2.0,9,1
70,5.0,6,1
71,5.0,6,1
72,5.0,6,1
73,-4.0,15,1
74,5.0,6,1
75,-1.0,12,1
76,5.0,6,1
77,3.0,8,1
78,5.0,6,1
79,2.0,9,1
80,4.0,7,1
81,3.0,8,1
82,4.0,7,1
83,1.0,10,1
84,5.0,6,1
85,5.0,6,1
86,5.0,6,1
87,3.0,8,1
88,5.0,6,1
89,-1.0,12,1
90,5.0,6,1
91,3.0,8,1
92,5.0,6,1
93,1.0,10,1
94,5.0,6,1
95,5.0,6,1
96,5.0,6,1
97,5.0,6,1
98,3.0,8,1
99,5.0,6,1
100,5.0,6,1
101,5.0,6,1
102,5.0,6,1
103,5.0,6,1
104,5.0,6,1
105,3.0,8,1
106,3.0,8,1
107,1.0,10,1
108,5.0,6,1
109,5.0,6,1
110,5.0,6,1
111,5.0,6,1
112,0.0,11,1
113,2.0,9,1
114,5.0,6,1
115,3.0,8,1
116,4.0,7,1
117,5.0,6,1
118,5.0,6,1
119,5.0,6,1
120,1.0,10,1
121,3.0,8,1
122,3.0,8,1
123,5.0,6,1
124,1.0,10,1
125,4.0,7,1
126,5.0,6,1
127,3.0,8,1
128,5.0,6,1
129,5.0,6,1
130,4.0,7,1
131,5.0,6,1
132,1.0,10,1
133,5.0,6,1
134,5.0,6,1
135,5.0,6,1
136,4.0,7,1
137,3.0,8,1
138,4.0,7,1
139,5.0,6,1
140,3.0,8,1
141,3.0,8,1
142,1.0,10,1
143,3.0,8,1
144,5.0,6,1
145,4.0,7,1
146,5.0,6,1
147,3.0,8,1
148,2.0,9,1
149,5.0,6,1
150,5.0,6,1
151,5.0,6,1
152,5.0,6,1
153,3.0,8,1
154,5.0,6,1
155,3.0,8,1
156,5.0,6,1
157,5.0,6,1
158,3.0,8,1
159,3.0,8,1
160,5.0,6,1
161,4.0,7,1
162,5.0,6,1
163,5.0,6,1
164,5.0,6,1
165,5.0,6,1
166,5.0,6,1
167,3.0,8,1
168,5.0,6,1
169,5.0,6,1
170,5.0,6,1
171,5.0,6,1
172,5.0,6,1
173,5.0,6,1
174,-1.0,12,1
175,5.0,6,1
176,5.0,6,1
177,5.0,6,1
178,5.0,6,1
179,5.0,6,1
180,5.0,6,1
181,3.0,8,1
182,5.0,6,1
183,3.0,8,1
184,5.0,6,1
185,5.0,6,1
186,5.0,6,1
187,5.0,6,1
188,5.0,6,1
189,5.0,6,1
190,5.0,6,1
191,5.0,6,1
192,5.0,6,1
193,5.0,6,1
194,5.0,6,1
195,5.0,6,1
196,0.0,11,1
197,5.0,6,1
198,5.0,6,1
199,3.0,8,1
200,5.0,6,1
201,2.0,9,1
202,5.0,6,1
203,5.0,6,1
204,5.0,6,1
205,5.0,6,1
206,5.0,6,1
207,5.0,6,1
208,5.0,6,1
209,5.0,6,1
210,5.0,6,1
211,5.0,6,1
212,5.0,6,1
213,5.0,6,1
214,5.0,6,1
215,1.0,10,1
216,5.0,6,1
217,4.0,7,1
218,5.0,6,1
219,3.0,8,1
220,5.0,6,1
221,4.0,7,1
222,1.0,10,1
223,4.0,7,1
224,5.0,6,1
225,5.0,6,1
226,5.0,6,1
227,5.0,6,1
228,5.0,6,1
229,5.0,6,1
230,5.0,6,1
231,5.0,6,1
232,5.0,6,1
233,5.0,6,1
234,5.0,6,1
235,5.0,6,1
236,4.0,7,1
237,5.0,6,1
238,5.0,6,1
239,3.0,8,1
240,5.0,6,1
241,5.0,6,1
242,5.0,6,1
243,5.0,6,1
244,5.0,6,1
245,5.0,6,1
246,5.0,6,1
247,1.0,10,1
248,4.0,7,1
249,5.0,6,1
250,5.0,6,1
251,5.0,6,1
252,5.0,6,1
253,3.0,8,1
254,5.0,6,1
255,5.0,6,1
256,5.0,6,1
257,5.0,6,1
258,4.0,7,1
259,5.0,6,1
260,5.0,6,1
261,5.0,6,1
262,5.0,6,1
263,5.0,6,1
264,5.0,6,1
265,5.0,6,1
266,3.0,8,1
267,5.0,6,1
268,5.0,6,1
269,5.0,6,1
270,5.0,6,1
271,5.0,6,1
272,5.0,6,1
273,5.0,6,1
274,1.0,10,1
275,5.0,6,1
276,5.0,6,1
277,5.0,6,1
278,3.0,8,1
279,5.0,6,1
280,5.0,6,1
281,5.0,6,1
282,4.0,7,1
283,3.0,8,1
284,5.0,6,1
285,5.0,6,1
286,5.0,6,1
287,1.0,10,1
288,5.0,6,1
289,5.0,6,1
290,5.0,6,1
291,5.0,6,1
292,5.0,6,1
293,3.0,8,1
294,5.0,6,1
295,5.0,6,1
296,5.0,6,1
297,5.0,6,1
298,5.0,6,1
299,5.0,6,1
300,5.0,6,1
301,4.0,7,1
302,5.0,6,1
303,3.0,8,1
304,5.0,6,1
305,5.0,6,1
306,5.0,6,1
307,5.0,6,1
308,5.0,6,1
309,3.0,8,1
310,4.0,7,1
311,5.0,6,1
312,5.0,6,1
313,4.0,7,1
314,3.0,8,1
315,5.0,6,1
316,3.0,8,1
317,5.0,6,1
318,5.0,6,1
319,3.0,8,1
320,5.0,6,1
321,5.0,6,1
322,5.0,6,1
323,5.0,6,1
324,5.0,6,1
325,5.0,6,1
326,5.0,6,1
327,5.0,6,1
328,5.0,6,1
329,5.0,6,1
330,5.0,6,1
331,5.0,6,1
332,5.0,6,1
333,5.0,6,1
334,3.0,8,1
335,5.0,6,1
336,5.0,6,1
337,4.0,7,1
338,5.0,6,1
339,5.0,6,1
340,5.0,6,1
341,5.0,6,1
342,3.0,8,1
343,5.0,6,1
344,5.0,6,1
345,5.0,6,1
346,3.0,8,1
347,5.0,6,1
348,5.0,6,1
349,5.0,6,1
350,5.0,6,1
351,5.0,6,1
352,3.0,8,1
353,5.0,6,1
354,5.0,6,1
355,5.0,6,1
356,5.0,6,1
357,5.0,6,1
358,5.0,6,1
359,5.0,6,1
360,5.0,6,1
361,4.0,7,1
362,3.0,8,1
363,3.0,8,1
364,5.0,6,1
365,5.0,6,1
366,5.0,6,1
367,5.0,6,1
368,5.0,6,1
369,5.0,6,1
370,5.0,6,1
371,3.0,8,1
372,5.0,6,1
373,5.0,6,1
374,4.0,7,1
375,5.0,6,1
376,5.0,6,1
377,5.0,6,1
378,5.0,6,1
379,5.0,6,1
380,5.0,6,1
381,5.0,6,1
382,5.0,6,1
383,5.0,6,1
384,5.0,6,1
385,5.0,6,1
386,5.0,6,1
387,5.0,6,1
388,5.0,6,1
389,5.0,6,1
390,5.0,6,1
391,5.0,6,1
392,3.0,8,1
393,5.0,6,1
394,5.0,6,1
395,5.0,6,1
396,5.0,6,1
397,5.0,6,1
398,5.0,6,1
399,5.0,6,1
400,5.0,6,1
401,5.0,6,1
402,3.0,8,1
403,5.0,6,1
404,5.0,6,1
405,4.0,7,1
406,5.0,6,1
407,5.0,6,1
408,5.0,6,1
409,3.0,8,1
410,5.0,6,1
411,5.0,6,1
412,5.0,6,1
413,3.0,8,1
414,3.0,8,1
415,5.0,6,1
416,5.0,6,1
417,5.0,6,1
418,5.0,6,1
419,5.0,6,1
420,5.0,6,1
421,3.0,8,1
422,5.0,6,1
423,5.0,6,1
424,3.0,8,1
425,5.0,6,1
426,5.0,6,1
427,5.0,6,1
428,2.0,9,1
429,5.0,6,1
430,4.0,7,1
431,5.0,6,1
432,5.0,6,1
433,5.0,6,1
434,3.0,8,1
435,5.0,6,1
436,5.0,6,1
437,3.0,8,1
438,4.0,7,1
439,5.0,6,1
440,3.0,8,1
441,5.0,6,1
442,5.0,6,1
443,5.0,6,1
444,5.0,6,1
445,5.0,6,1
446,5.0,6,1
447,5.0,6,1
448,3.0,8,1
449,3.0,8,1
450,4.0,7,1
451,5.0,6,1
452,5.0,6,1
453,5.0,6,1
454,5.0,6,1
455,5.0,6,1
456,5.0,6,1
457,5.0,6,1
458,5.0,6,1
459,5.0,6,1
460,5.0,6,1
461,3.0,8,1
462,5.0,6,1
463,5.0,6,1
464,5.0,6,1
465,5.0,6,1
466,5.0,6,1
467,5.0,6,1
468,5.0,6,1
469,5.0,6,1
470,5.0,6,1
471,5.0,6,1
472,5.0,6,1
473,5.0,6,1
474,5.0,6,1
475,5.0,6,1
476,5.0,6,1
477,5.0,6,1
478,5.0,6,1
479,3.0,8,1
480,5.0,6,1
481,5.0,6,1
482,5.0,6,1
483,5.0,6,1
484,5.0,6,1
485,5.0,6,1
486,5.0,6,1
487,3.0,8,1
488,4.0,7,1
489,5.0,6,1
490,5.0,6,1
491,5.0,6,1
492,5.0,6,1
493,5.0,6,1
494,5.0,6,1
495,5.0,6,1
496,5.0,6,1
497,5.0,6,1
498,5.0,6,1
499,5.0,6,1
500,5.0,6,1
